{
	 "rootnode": {
		 "name": "RootNode"
		,"transformation": [
			 1
			,0
			,0
			,0
			,0
			,1
			,0
			,0
			,0
			,0
			,1
			,0
			,0
			,0
			,0
			,1
		]
		,"children": [
			{
				 "name": "Cube"
				,"transformation": [
					 100
					,0
					,0
					,0
					,0
					,-1.62921e-005
					,100
					,0
					,0
					,-100
					,-1.62921e-005
					,0
					,0
					,0
					,0
					,1
				]
				,"meshes": [
					 0
				]
			}
		]
	}
	,"flags": 8
	,"meshes": [
		{
			 "name": "Cube"
			,"materialindex": 0
			,"primitivetypes": 4
			,"vertices": [
				 1
				,1
				,-1
				,1
				,-1
				,-1
				,-1
				,-1
				,-1
				,-1
				,1
				,-1
				,1
				,0.999999
				,1
				,-1
				,1
				,1
				,-1
				,-1
				,1
				,0.999999
				,-1
				,1
				,1
				,1
				,-1
				,1
				,0.999999
				,1
				,0.999999
				,-1
				,1
				,1
				,-1
				,-1
				,1
				,-1
				,-1
				,0.999999
				,-1
				,1
				,-1
				,-1
				,1
				,-1
				,-1
				,-1
				,-1
				,-1
				,-1
				,-1
				,-1
				,1
				,-1
				,1
				,1
				,-1
				,1
				,-1
				,1
				,0.999999
				,1
				,1
				,1
				,-1
				,-1
				,1
				,-1
				,-1
				,1
				,1
			]
			,"normals": [
				 0
				,0
				,-1
				,0
				,0
				,-1
				,0
				,0
				,-1
				,0
				,0
				,-1
				,2.98023e-008
				,0
				,1
				,2.98023e-008
				,0
				,1
				,2.98023e-008
				,0
				,1
				,2.98023e-008
				,0
				,1
				,1
				,-2.98023e-007
				,4.47034e-008
				,1
				,-2.98023e-007
				,4.47034e-008
				,1
				,-2.98023e-007
				,4.47034e-008
				,1
				,-2.98023e-007
				,4.47034e-008
				,-2.83122e-007
				,-1
				,-1.78814e-007
				,-2.83122e-007
				,-1
				,-1.78814e-007
				,-2.83122e-007
				,-1
				,-1.78814e-007
				,-2.83122e-007
				,-1
				,-1.78814e-007
				,-1
				,2.38419e-007
				,-1.3411e-007
				,-1
				,2.38419e-007
				,-1.3411e-007
				,-1
				,2.38419e-007
				,-1.3411e-007
				,-1
				,2.38419e-007
				,-1.3411e-007
				,2.38419e-007
				,1
				,1.63913e-007
				,2.38419e-007
				,1
				,1.63913e-007
				,2.38419e-007
				,1
				,1.63913e-007
				,2.38419e-007
				,1
				,1.63913e-007
			]
			,"tangents": [
				 -1.78814e-007
				,-1
				,0
				,0
				,-1
				,0
				,-1.78814e-007
				,-1
				,0
				,-1.78814e-007
				,-1
				,0
				,-1
				,4.76837e-007
				,2.98023e-008
				,-1
				,2.68221e-007
				,2.98023e-008
				,-1
				,4.76837e-007
				,2.98023e-008
				,-1
				,4.76837e-007
				,2.98023e-008
				,-4.47035e-008
				,-2.38419e-007
				,1
				,-4.47035e-008
				,-2.38418e-007
				,1
				,-4.47035e-008
				,-2.38419e-007
				,1
				,-4.47035e-008
				,-2.38419e-007
				,1
				,-2.38419e-007
				,-1.78814e-007
				,1
				,-3.27826e-007
				,-1.78814e-007
				,1
				,-2.38419e-007
				,-1.78814e-007
				,1
				,-2.38419e-007
				,-1.78814e-007
				,1
				,-1.3411e-007
				,-2.38419e-007
				,1
				,-1.3411e-007
				,8.9407e-008
				,1
				,-1.3411e-007
				,-2.38419e-007
				,1
				,-1.3411e-007
				,-2.38419e-007
				,1
				,2.38419e-007
				,1.63913e-007
				,-1
				,-2.38419e-007
				,1.63913e-007
				,-1
				,2.38419e-007
				,1.63913e-007
				,-1
				,2.38419e-007
				,1.63913e-007
				,-1
			]
			,"bitangents": [
				 1
				,-2.08616e-007
				,0
				,1
				,-1.19209e-007
				,0
				,1
				,-2.08616e-007
				,0
				,1
				,-2.08616e-007
				,0
				,5.66244e-007
				,1
				,-1.68754e-014
				,2.38419e-007
				,1
				,-7.10543e-015
				,5.66244e-007
				,1
				,-1.68754e-014
				,5.66244e-007
				,1
				,-1.68754e-014
				,2.98023e-007
				,1
				,1.33227e-014
				,2.98023e-007
				,1
				,-1.19904e-014
				,2.98023e-007
				,1
				,1.33227e-014
				,2.98023e-007
				,1
				,1.33227e-014
				,1
				,-2.83122e-007
				,-3.4639e-014
				,1
				,-2.83122e-007
				,3.4639e-014
				,1
				,-2.83122e-007
				,-3.4639e-014
				,1
				,-2.83122e-007
				,-3.4639e-014
				,-2.38419e-007
				,-1
				,-3.81165e-021
				,-2.38419e-007
				,-1
				,-3.9968e-015
				,-2.38419e-007
				,-1
				,-3.81165e-021
				,-2.38419e-007
				,-1
				,-3.81165e-021
				,1
				,-2.38419e-007
				,4.88497e-015
				,1
				,-2.38419e-007
				,-4.88497e-015
				,1
				,-2.38419e-007
				,4.88497e-015
				,1
				,-2.38419e-007
				,4.88497e-015
			]
			,"numuvcomponents": [
				 2
			]
			,"texturecoords": [
				[
					 0
					,0
					,1
					,0
					,1
					,1
					,0
					,1
					,0
					,0
					,1
					,0
					,1
					,1
					,0
					,1
					,0
					,0
					,1
					,0
					,1
					,1
					,0
					,1
					,0
					,0
					,1
					,0
					,1
					,1
					,0
					,1
					,0
					,0
					,1
					,0
					,1
					,1
					,0
					,1
					,0
					,0
					,1
					,0
					,1
					,1
					,0
					,1
				]
			]
			,"faces": [
				[
					 0
					,1
					,2
				]
				,[
					 0
					,2
					,3
				]
				,[
					 4
					,5
					,6
				]
				,[
					 4
					,6
					,7
				]
				,[
					 8
					,9
					,10
				]
				,[
					 8
					,10
					,11
				]
				,[
					 12
					,13
					,14
				]
				,[
					 12
					,14
					,15
				]
				,[
					 16
					,17
					,18
				]
				,[
					 16
					,18
					,19
				]
				,[
					 20
					,21
					,22
				]
				,[
					 20
					,22
					,23
				]
			]
		}
	]
	,"materials": [
		{
			 "properties": [
				{
					 "key": "$clr.diffuse"
					,"semantic": 0
					,"index": 0
					,"type": 1
					,"value": [
						 0.8
						,0.8
						,0.8
					]
				}
				,{
					 "key": "?mat.name"
					,"semantic": 0
					,"index": 0
					,"type": 3
					,"value": "DefaultMaterial"
				}
			]
		}
	]
}
